[{"title":"Spider-Man: No Way Home","year":2021,"genre":"Action","director":"Jon Watt","rate":5,"id":"3edfee40-7c7a-11ec-8953-3967f4971427"},{"title":"Interstellar","year":2014,"genre":"Fiction","director":"Christopher Nolan","rate":5,"id":"0b109320-7c7b-11ec-8953-3967f4971427"},{"title":"The Taking of Pelham 123","year":2009,"genre":"Action","director":"Tony Scott","rate":4.5,"id":"b6538030-7c7b-11ec-8953-3967f4971427"},{"title":"American Gangster","year":2007,"genre":"Drama","director":"Ridley Scott","rate":4.5,"id":"389a1120-7c7d-11ec-8953-3967f4971427"},{"title":"The Equalizer","year":2014,"genre":"Action","director":"Antoine Fuqua","rate":4,"id":"61a2c1f0-7c7f-11ec-8953-3967f4971427"},{"title":"Face/Off","year":1997,"genre":"Action","director":"John Woo","rate":4,"id":"d030c270-7c7f-11ec-8953-3967f4971427"},{"title":"Gigli","year":2003,"genre":"Comedy","director":"Martin Brest","rate":3,"id":"2c0313a0-7c80-11ec-8953-3967f4971427"},{"title":"Donnie Darko","year":2001,"genre":"Sci-Fi","director":"Richard Kelly","rate":7.5,"id":"d75872f0-f0ce-11ec-9640-a50c31b617ea"},{"title":"Donnie Darko","year":2001,"genre":"Sci-Fi","director":"Richard Kelly","rate":7.5,"id":"769e7510-f0d1-11ec-9640-a50c31b617ea"},{"title":"The Room","year":2003,"genre":"Drama","director":"Tommy Wiseau","rate":3.4,"id":"8b12dc90-7c80-11ec-8953-3967f4971427"}]